{
    "intrin": [
        [
            -0.5675627537237593,
            0.004792147008792713,
            -0.4490453230160326,
            0.0
        ],
        [
            0.0,
            0.5741156725674282,
            -0.263988161307859,
            0.0
        ],
        [
            0.0,
            0.0,
            -0.001275952037765476,
            0.0
        ],
        [
            0.0,
            0.0,
            0.0,
            1.0
        ]
    ],
    "extrin": [
        [
            0.9951848008052622,
            0.05258448653863132,
            0.08271689078815375,
            -0.1573784840082364
        ],
        [
            0.021468654401425688,
            -0.9403583981873432,
            0.3395072603593716,
            -0.11792337612362569
        ],
        [
            -0.09563633788672088,
            0.3360966449311902,
            0.9369593033540009,
            0.5750666711063243
        ],
        [
            0.0,
            0.0,
            0.0,
            1.0
        ]
    ],
    "rvec": [
        -0.02966319761008912,
        1.5511942574543383,
        -0.27062420167976503
    ],
    "tvec": [
        -0.1573784840082364,
        -0.11792337612362569,
        0.5750666711063243
    ]
}