{
    "intrin": [
        [
            0.606860226802391,
            0.0053177618079433275,
            0.34170591107459647,
            0.0
        ],
        [
            0.0,
            0.6012716320627943,
            0.2937426564911985,
            0.0
        ],
        [
            0.0,
            0.0,
            0.0012444575955980215,
            0.0
        ],
        [
            0.0,
            0.0,
            0.0,
            1.0
        ]
    ],
    "extrin": [
        [
            -0.7530750089908461,
            0.03548944320385087,
            0.6569768110477856,
            0.05511263113034642
        ],
        [
            0.26918739960103777,
            -0.8945233556414376,
            0.356883888832227,
            -0.05848685922652336
        ],
        [
            -0.6003467121001567,
            -0.4456102171551532,
            -0.6640898731628642,
            -0.5697456710487196
        ],
        [
            0.0,
            0.0,
            0.0,
            1.0
        ]
    ],
    "rvec": [
        -1.6698382530187452,
        2.6162521315835687,
        0.4862811880271507
    ],
    "tvec": [
        0.05511263113034642,
        -0.05848685922652336,
        -0.5697456710487196
    ]
}