{
    "intrin": [
        [
            -0.6170,
            0.0109,
            0.2479,
            0.0
        ],
        [
            0.0,
            -0.6147,
            0.06095,
            0.0
        ],
        [
            0.0,
            0.0,
            0.000331,
            0.0
        ],
        [
            0.0,
            0.0,
            0.0,
            1.0
        ]
    ],
    "extrin": [
        [
            -0.79499,
            0.04384,
            0.6050,
            0.1278        ],
        [
            -0.1926,
            -0.9640,
            -0.18325,
            0.2480        ],
        [
            -0.57522,
            0.26223,
            -0.77482,
		 -1.13092
        ],
        [
            0.0,
            0.0,
            0.0,
            1.0
        ]
    ],
    "rvec": [
        1.09041,
        2.88887,
        -0.5788
    ],
    "tvec": [
        0.12782,
        0.24804,
        -1.130920
    ]
}